City_ID,City,Country,Date,Lat,Lng,Max Temp,Humidity,Cloudiness,Wind Speed,Current Description
0,Nikolskoye,RU,2021-04-11 15:56:16,59.7035,30.7861,50.0,32,0,6.71,clear sky
1,Svetlaya,RU,2021-04-11 15:56:17,46.5389,138.3297,41.32,79,100,9.33,overcast clouds
2,Haldwani,IN,2021-04-11 15:56:17,29.2167,79.5167,78.22,9,0,7.02,clear sky
3,Cururupu,BR,2021-04-11 15:56:17,-1.8283,-44.8683,85.89,63,96,6.96,light rain
4,Rikitea,PF,2021-04-11 15:56:18,-23.1203,-134.9692,78.28,75,9,10.71,clear sky
5,Victor Harbor,AU,2021-04-11 15:56:18,-35.5667,138.6167,60.01,65,67,7.34,broken clouds
6,Honghu,CN,2021-04-11 15:56:19,29.8206,113.4621,57.7,96,100,2.84,overcast clouds
7,Katsuura,JP,2021-04-11 15:56:19,35.1333,140.3,55.4,76,20,6.91,few clouds
8,Male,MV,2021-04-11 15:56:19,4.1748,73.5089,86.0,79,20,5.75,few clouds
9,Arraial Do Cabo,BR,2021-04-11 15:56:20,-22.9661,-42.0278,87.8,37,0,5.75,clear sky
10,Busselton,AU,2021-04-11 15:52:25,-33.65,115.3333,62.01,96,100,4.0,light rain
11,Mount Gambier,AU,2021-04-11 15:52:27,-37.8333,140.7667,50.0,81,90,4.61,overcast clouds
12,Kapaa,US,2021-04-11 15:56:21,22.0752,-159.319,64.4,88,20,6.91,light rain
13,Carnarvon,AU,2021-04-11 15:51:59,-24.8667,113.6333,78.8,94,75,16.11,broken clouds
14,Ushuaia,AR,2021-04-11 15:54:37,-54.8,-68.3,48.2,46,0,5.75,clear sky
15,Cape Town,ZA,2021-04-11 15:52:33,-33.9258,18.4232,72.0,73,0,19.57,clear sky
16,Penzance,GB,2021-04-11 15:56:21,50.1186,-5.5371,48.2,49,20,19.57,few clouds
17,Georgetown,MY,2021-04-11 15:53:12,5.4112,100.3354,82.0,89,40,2.3,scattered clouds
18,Mataura,NZ,2021-04-11 15:56:22,-46.1927,168.8643,48.0,96,91,4.0,overcast clouds
19,Kodiak,US,2021-04-11 15:56:22,57.79,-152.4072,37.4,87,90,5.75,light rain
20,Hobart,AU,2021-04-11 15:56:23,-42.8794,147.3294,48.2,71,90,14.97,overcast clouds
21,Brae,GB,2021-04-11 15:56:23,60.3964,-1.353,41.0,60,20,11.5,few clouds
22,Airai,TL,2021-04-11 15:56:23,-8.9266,125.4092,58.06,89,66,1.45,broken clouds
23,Tecoanapa,MX,2021-04-11 15:56:24,16.5167,-98.75,81.84,58,5,5.03,clear sky
24,West Hartford,US,2021-04-11 15:56:24,41.762,-72.742,64.99,72,75,5.64,broken clouds
25,Huarmey,PE,2021-04-11 15:56:24,-10.0681,-78.1522,73.26,77,76,8.23,broken clouds
26,San Cristobal,VE,2021-04-11 15:56:25,7.7669,-72.225,84.2,61,40,2.3,scattered clouds
27,Comodoro Rivadavia,AR,2021-04-11 15:56:25,-45.8667,-67.5,64.4,45,0,26.46,clear sky
28,Jamestown,US,2021-04-11 15:55:09,42.097,-79.2353,66.0,63,40,10.36,scattered clouds
29,Kiama,AU,2021-04-11 15:56:26,-34.6833,150.8667,50.0,57,2,8.05,clear sky
30,Mehriz,IR,2021-04-11 15:56:26,31.5917,54.4318,77.0,25,90,18.41,overcast clouds
31,Berlevag,NO,2021-04-11 15:53:49,70.8578,29.0864,35.6,86,75,31.07,snow
32,Itarema,BR,2021-04-11 15:56:27,-2.9248,-39.9167,85.86,65,66,13.56,light rain
33,Hilo,US,2021-04-11 15:56:24,19.7297,-155.09,64.4,68,1,8.05,clear sky
34,Opuwo,NA,2021-04-11 15:56:27,-18.0607,13.84,82.31,26,8,11.61,clear sky
35,Kaitangata,NZ,2021-04-11 15:56:28,-46.2817,169.8464,53.04,97,74,3.85,broken clouds
36,Russell,US,2021-04-11 15:52:45,32.3502,-85.1999,70.0,73,40,6.42,scattered clouds
37,Bengkulu,ID,2021-04-11 15:56:28,-3.8004,102.2655,76.5,90,94,4.47,heavy intensity rain
38,Kizhinga,RU,2021-04-11 15:56:28,51.8462,109.9097,16.75,52,0,5.03,clear sky
39,Olafsvik,IS,2021-04-11 15:54:40,64.8945,-23.7142,36.57,98,100,16.8,light rain
40,Luvianos,MX,2021-04-11 15:56:29,18.9167,-100.4,80.33,14,0,4.38,clear sky
41,Vao,NC,2021-04-11 15:56:29,-22.6667,167.4833,75.65,81,50,10.16,scattered clouds
42,Portland,US,2021-04-11 15:52:13,45.5234,-122.6762,41.0,80,1,3.38,clear sky
43,Dikson,RU,2021-04-11 15:51:30,73.5069,80.5464,30.61,97,100,24.49,snow
44,Mehamn,NO,2021-04-11 15:56:30,71.0357,27.8492,35.6,75,75,23.02,broken clouds
45,Griffith,US,2021-04-11 15:56:30,41.5284,-87.4237,51.01,87,90,5.75,overcast clouds
46,Punta Arenas,CL,2021-04-11 15:51:36,-53.15,-70.9167,50.0,66,75,13.8,broken clouds
47,Butaritari,KI,2021-04-11 15:56:31,3.0707,172.7902,80.96,77,56,9.57,broken clouds
48,Barrow,US,2021-04-11 15:51:41,71.2906,-156.7887,-23.8,76,1,5.75,clear sky
49,Sychevka,RU,2021-04-11 15:56:31,55.8252,34.2736,53.01,62,18,6.89,few clouds
50,Awjilah,LY,2021-04-11 15:56:32,29.1081,21.2869,74.21,13,2,11.12,clear sky
51,Puerto Ayora,EC,2021-04-11 15:56:32,-0.7393,-90.3518,78.8,83,40,9.22,scattered clouds
52,Broome,US,2021-04-11 15:56:32,42.2506,-75.833,59.0,94,90,9.22,mist
53,Maniitsoq,GL,2021-04-11 15:56:33,65.4167,-52.9,33.24,81,26,5.48,scattered clouds
54,Kahului,US,2021-04-11 15:56:33,20.8947,-156.47,62.6,94,75,5.75,moderate rain
55,Lompoc,US,2021-04-11 15:55:10,34.6391,-120.4579,48.2,93,100,5.75,overcast clouds
56,Albany,US,2021-04-11 15:54:51,42.6001,-73.9662,71.01,53,100,1.01,overcast clouds
57,Norman Wells,CA,2021-04-11 15:56:34,65.282,-126.8329,-16.6,76,1,2.3,clear sky
58,College,US,2021-04-11 15:56:34,64.8569,-147.8028,3.99,70,75,5.75,broken clouds
59,Ahipara,NZ,2021-04-11 15:56:34,-35.1667,173.1667,62.4,92,3,3.22,clear sky
60,Yokadouma,CM,2021-04-11 15:56:35,3.5167,15.05,82.29,59,86,8.59,light rain
61,Farah,AF,2021-04-11 15:56:35,32.5,62.5,81.1,13,31,18.59,scattered clouds
62,Pangkalanbuun,ID,2021-04-11 15:51:57,-2.6833,111.6167,75.36,96,97,0.98,overcast clouds
63,Cidreira,BR,2021-04-11 15:54:56,-30.1811,-50.2056,87.75,47,4,6.62,clear sky
64,Adrar,MR,2021-04-11 15:56:36,20.5022,-10.0711,95.13,11,18,7.61,few clouds
65,Meulaboh,ID,2021-04-11 15:56:36,4.1363,96.1285,78.21,84,94,2.93,overcast clouds
66,Ponta Do Sol,PT,2021-04-11 15:56:37,32.6667,-17.1,64.0,68,96,3.0,overcast clouds
67,Saint-Augustin,CA,2021-04-11 15:51:49,51.226,-58.6502,43.66,92,100,24.7,overcast clouds
68,Soyo,AO,2021-04-11 15:54:14,-6.1349,12.3689,87.8,74,20,8.05,few clouds
69,Tuatapere,NZ,2021-04-11 15:56:37,-46.1333,167.6833,48.0,96,10,4.0,clear sky
70,Avera,US,2021-04-11 15:56:38,33.194,-82.5271,69.01,100,90,6.91,overcast clouds
71,Deputatskiy,RU,2021-04-11 15:56:38,69.3,139.9,-22.07,99,79,2.77,broken clouds
72,Salalah,OM,2021-04-11 15:53:32,17.0151,54.0924,84.2,65,20,6.91,few clouds
73,Bambous Virieux,MU,2021-04-11 15:56:39,-20.3428,57.7575,80.6,78,40,6.91,light rain
74,Linxia,CN,2021-04-11 15:56:39,35.6003,103.2064,47.79,71,44,6.6,scattered clouds
75,Port Alfred,ZA,2021-04-11 15:54:41,-33.5906,26.891,69.31,90,97,7.2,overcast clouds
76,Fairbanks,US,2021-04-11 15:56:40,64.8378,-147.7164,3.99,60,1,9.22,clear sky
77,Westport,US,2021-04-11 15:56:40,41.1415,-73.3579,59.0,100,90,13.8,mist
78,Mar Del Plata,AR,2021-04-11 15:55:01,-38.0023,-57.5575,64.99,72,75,14.97,broken clouds
79,Hermanus,ZA,2021-04-11 15:56:41,-34.4187,19.2345,71.01,78,100,1.01,overcast clouds
80,Qaanaaq,GL,2021-04-11 15:56:41,77.484,-69.3632,21.27,92,100,11.1,light snow
81,Ferme-Neuve,CA,2021-04-11 15:56:41,46.7001,-75.4493,68.0,42,100,6.91,overcast clouds
82,Boyolangu,ID,2021-04-11 15:56:42,-8.1181,111.8935,75.52,90,55,1.7,broken clouds
83,Atuona,PF,2021-04-11 15:56:42,-9.8,-139.0333,80.19,78,40,18.05,light rain
84,Provideniya,RU,2021-04-11 15:56:43,64.3833,-173.3,8.08,88,100,24.29,light snow
85,Serebryansk,KZ,2021-04-11 15:56:43,49.6925,83.2892,41.0,81,2,4.47,clear sky
86,Klaksvik,FO,2021-04-11 15:56:43,62.2266,-6.589,35.6,80,40,3.44,scattered clouds
87,Udachnyy,RU,2021-04-11 15:56:44,66.4167,112.4,-8.05,83,28,4.09,scattered clouds
88,Lashio,MM,2021-04-11 15:52:31,22.9333,97.75,71.44,48,1,1.86,clear sky
89,Khandyga,RU,2021-04-11 15:54:03,62.6667,135.6,14.5,96,100,3.09,light snow
90,Katangli,RU,2021-04-11 15:56:44,51.7102,143.2326,32.41,92,87,7.63,light snow
91,Kavieng,PG,2021-04-11 15:56:45,-2.5744,150.7967,79.99,78,100,3.13,moderate rain
92,Santiago Del Estero,AR,2021-04-11 15:56:45,-27.7951,-64.2615,69.94,35,70,14.05,broken clouds
93,Mizan Teferi,ET,2021-04-11 15:56:45,6.9833,35.5833,68.11,79,100,3.44,overcast clouds
94,Shiringushi,RU,2021-04-11 15:56:46,53.8485,42.7676,45.39,60,100,8.77,overcast clouds
95,East London,ZA,2021-04-11 15:56:46,-33.0153,27.9116,71.6,94,75,8.05,broken clouds
96,Husavik,IS,2021-04-11 15:56:46,66.0449,-17.3389,35.6,69,40,9.22,scattered clouds
97,Kysyl-Syr,RU,2021-04-11 15:56:47,63.8986,122.7617,0.1,97,18,5.12,few clouds
98,Moundsville,US,2021-04-11 15:56:47,39.9203,-80.7431,64.0,59,90,10.36,overcast clouds
99,Richards Bay,ZA,2021-04-11 15:56:47,-28.783,32.0377,73.63,84,0,2.1,clear sky
100,Acapulco,MX,2021-04-11 15:54:59,16.8634,-99.8901,82.4,69,1,6.91,clear sky
101,Aitape,PG,2021-04-11 15:56:48,-3.1374,142.3475,77.92,89,95,5.99,heavy intensity rain
102,Nanortalik,GL,2021-04-11 15:56:48,60.1432,-45.2371,39.09,65,1,7.14,clear sky
103,Tshela,CD,2021-04-11 15:56:49,-4.9833,12.9333,83.28,76,70,4.09,light rain
104,Castro,BR,2021-04-11 15:51:52,-24.7911,-50.0119,78.39,41,1,8.68,clear sky
105,Marystown,CA,2021-04-11 15:56:49,47.1666,-55.1483,36.41,90,100,10.0,overcast clouds
106,Tanete,ID,2021-04-11 15:56:49,-3.9443,119.7848,74.59,96,47,1.77,scattered clouds
107,San Benito,US,2021-04-11 15:56:50,36.6166,-121.0844,55.99,81,1,1.28,clear sky
108,Bose,IT,2021-04-11 15:56:50,45.4612,8.0137,51.01,81,100,1.01,overcast clouds
109,Lodwar,KE,2021-04-11 15:56:51,3.1191,35.5973,92.53,31,100,20.04,overcast clouds
110,Nanakuli,US,2021-04-11 15:56:51,21.3906,-158.1547,68.0,72,90,3.44,overcast clouds
111,Werda,BW,2021-04-11 15:56:51,-25.2667,23.2833,83.25,24,0,4.9,clear sky
112,Campo Maior,BR,2021-04-11 15:56:52,-4.8278,-42.1686,87.21,58,83,6.33,broken clouds
113,Port Blair,IN,2021-04-11 15:56:52,11.6667,92.75,82.45,76,99,4.76,overcast clouds
114,Zarubino,RU,2021-04-11 15:56:52,42.63,131.0922,40.98,96,90,4.43,overcast clouds
115,Guerrero Negro,MX,2021-04-11 15:56:53,27.9769,-114.0611,62.73,69,94,15.05,overcast clouds
116,Leningradskiy,RU,2021-04-11 15:56:53,69.3833,178.4167,-22.13,98,62,6.55,broken clouds
117,Ormara,PK,2021-04-11 15:54:12,25.2088,64.6357,80.65,69,3,16.8,clear sky
118,Saldanha,ZA,2021-04-11 15:56:53,-33.0117,17.9442,77.0,50,99,12.66,overcast clouds
119,Torbay,CA,2021-04-11 15:56:54,47.6666,-52.7314,34.0,100,90,8.05,moderate rain
120,Clyde River,CA,2021-04-11 15:56:54,70.4692,-68.5914,30.2,80,1,18.41,light snow
121,Panama City,PA,2021-04-11 15:52:58,8.9936,-79.5197,86.0,70,20,5.75,few clouds
122,Tiksi,RU,2021-04-11 15:56:55,71.6872,128.8694,-1.82,80,94,5.88,overcast clouds
123,Jabinyanah,TN,2021-04-11 15:56:55,35.035,10.9081,66.2,68,40,16.11,scattered clouds
124,Anupgarh,IN,2021-04-11 15:56:56,29.1911,73.2086,90.0,8,1,5.19,clear sky
125,Bathsheba,BB,2021-04-11 15:56:56,13.2167,-59.5167,78.8,69,75,12.66,volcanic ash
126,Sao Filipe,CV,2021-04-11 15:56:56,14.8961,-24.4956,76.89,61,1,4.34,clear sky
127,Canmore,CA,2021-04-11 15:56:57,51.0834,-115.3521,23.0,73,57,2.3,broken clouds
128,New Norfolk,AU,2021-04-11 15:56:57,-42.7826,147.0587,46.0,74,76,3.27,broken clouds
129,Ilulissat,GL,2021-04-11 15:56:57,69.2167,-51.1,28.4,50,20,12.66,few clouds
130,Ancud,CL,2021-04-11 15:56:58,-41.8697,-73.8203,55.4,100,90,14.97,mist
131,Beringovskiy,RU,2021-04-11 15:56:58,63.05,179.3167,3.13,94,100,25.5,snow
132,Uman,UA,2021-04-11 15:56:58,48.7484,30.2218,53.62,43,0,5.35,clear sky
133,Codrington,AU,2021-04-11 15:53:39,-38.2667,141.9667,54.93,74,100,10.85,overcast clouds
134,Waddan,LY,2021-04-11 15:56:59,29.1614,16.139,81.66,11,94,20.42,overcast clouds
135,Koygorodok,RU,2021-04-11 15:56:59,60.445,50.9968,32.88,95,53,3.87,broken clouds
136,Kirksville,US,2021-04-11 15:57:00,40.1948,-92.5833,50.0,71,1,12.66,clear sky
137,Malim,PH,2021-04-11 15:57:00,7.452,123.4312,79.75,79,88,8.08,overcast clouds
138,Angoram,PG,2021-04-11 15:57:00,-4.0625,144.0661,73.56,99,100,2.1,moderate rain
139,Saskylakh,RU,2021-04-11 15:57:01,71.9167,114.0833,19.31,92,100,8.7,overcast clouds
140,Dejen,ET,2021-04-11 15:57:01,10.1667,38.1333,71.11,27,62,4.65,broken clouds
141,Hobyo,SO,2021-04-11 15:57:02,5.3505,48.5268,83.17,63,96,10.8,overcast clouds
142,Domat,CH,2021-04-11 15:57:02,46.8348,9.4508,46.0,75,75,10.36,broken clouds
143,Tricase,IT,2021-04-11 15:57:02,39.9304,18.3553,61.0,82,20,9.22,few clouds
144,Cayenne,GF,2021-04-11 15:55:09,4.9333,-52.3333,87.8,66,20,9.22,few clouds
145,Alihe,CN,2021-04-11 15:57:03,50.5667,123.7167,24.75,92,100,9.64,snow
146,Lavrentiya,RU,2021-04-11 15:57:03,65.5833,-171.0,3.97,65,100,29.46,overcast clouds
147,Avarua,CK,2021-04-11 15:57:03,-21.2078,-159.775,75.2,100,75,2.3,broken clouds
148,Ulaangom,MN,2021-04-11 15:57:04,49.9811,92.0667,36.61,35,2,0.27,clear sky
149,Hithadhoo,MV,2021-04-11 15:57:04,-0.6,73.0833,83.95,66,62,11.45,broken clouds
150,Mahebourg,MU,2021-04-11 15:57:04,-20.4081,57.7,80.6,78,40,6.91,light rain
151,Severo-Kurilsk,RU,2021-04-11 15:57:05,50.6789,156.125,27.97,78,42,10.02,scattered clouds
152,Egvekinot,RU,2021-04-11 15:57:05,66.3167,-179.1667,-10.37,84,99,20.22,overcast clouds
153,Padang,ID,2021-04-11 15:57:06,-0.9492,100.3543,77.0,100,40,2.3,moderate rain
154,Sistranda,NO,2021-04-11 15:57:06,63.7256,8.834,41.0,70,40,11.5,scattered clouds
155,Coquimbo,CL,2021-04-11 15:57:06,-29.9533,-71.3436,62.6,67,0,12.66,clear sky
156,Kenai,US,2021-04-11 15:57:07,60.5544,-151.2583,19.0,53,40,19.57,scattered clouds
157,San Juan,AR,2021-04-11 15:56:38,-31.5375,-68.5364,71.1,29,0,10.67,clear sky
158,Minnedosa,CA,2021-04-11 15:57:07,50.2453,-99.8436,44.6,42,40,18.41,scattered clouds
159,Vaini,TO,2021-04-11 15:57:08,-21.2,-175.2,66.2,100,20,3.44,few clouds
160,Lasa,IT,2021-04-11 15:57:08,46.6166,10.7002,52.0,93,90,8.05,mist
161,Caravelas,BR,2021-04-11 15:52:10,-17.7125,-39.2481,82.29,63,74,4.61,broken clouds
162,Haukipudas,FI,2021-04-11 15:57:08,65.1765,25.3523,39.2,60,0,11.5,clear sky
163,Gold Coast,AU,2021-04-11 15:57:02,-28.0,153.4333,64.4,42,0,10.36,clear sky
164,Askiz,RU,2021-04-11 15:57:09,53.1319,90.5264,37.22,53,97,3.2,overcast clouds
165,Camacha,PT,2021-04-11 15:57:09,33.0833,-16.3333,68.0,83,40,13.8,scattered clouds
166,Minas De Barroteran,MX,2021-04-11 15:57:10,27.6333,-101.2833,75.18,45,99,2.24,overcast clouds
167,Bredasdorp,ZA,2021-04-11 15:57:10,-34.5322,20.0403,71.6,64,100,6.91,overcast clouds
168,Paamiut,GL,2021-04-11 15:53:14,61.994,-49.6678,35.01,78,8,10.78,clear sky
169,Saint-Denis,FR,2021-04-11 15:57:11,48.9167,2.3333,48.0,57,90,11.5,overcast clouds
170,Tocopilla,CL,2021-04-11 15:57:11,-22.092,-70.1979,71.33,64,6,7.56,clear sky
171,Bluff,NZ,2021-04-11 15:57:11,-46.6,168.3333,48.0,96,55,4.0,broken clouds
172,Shuyskoye,RU,2021-04-11 15:57:12,59.3736,41.0305,36.79,89,6,2.39,clear sky
173,Upington,ZA,2021-04-11 15:57:12,-28.4478,21.2561,96.8,14,20,8.05,few clouds
174,Tasiilaq,GL,2021-04-11 15:53:15,65.6145,-37.6368,30.2,69,0,4.61,clear sky
175,Santa Barbara,US,2021-04-11 15:54:56,34.7333,-120.0343,59.0,93,90,4.52,mist
176,Cabo San Lucas,MX,2021-04-11 15:54:15,22.8909,-109.9124,66.2,59,75,3.44,broken clouds
177,Masty,BY,2021-04-11 15:57:14,53.4122,24.5387,66.2,26,0,20.13,clear sky
178,Faya,SA,2021-04-11 15:53:16,18.3851,42.4509,69.8,64,40,10.36,scattered clouds
179,Kieta,PG,2021-04-11 15:57:15,-6.2167,155.6333,77.54,81,82,1.66,broken clouds
180,Gumdag,TM,2021-04-11 15:57:15,39.2061,54.5906,77.77,23,76,12.95,broken clouds
181,Nagyhegyes,HU,2021-04-11 15:57:15,47.5395,21.3444,66.2,27,0,11.5,clear sky
182,Morgan City,US,2021-04-11 15:57:16,29.6994,-91.2068,72.0,56,1,11.5,clear sky
183,Sitka,US,2021-04-11 15:57:16,57.0531,-135.33,33.8,75,90,3.44,light snow
184,Lagoa,PT,2021-04-11 15:57:17,39.05,-27.9833,62.67,85,84,7.52,broken clouds
185,Vila Velha,BR,2021-04-11 15:57:17,-20.3297,-40.2925,84.2,51,0,8.05,clear sky
186,Port Macquarie,AU,2021-04-11 15:57:18,-31.4333,152.9167,46.99,75,0,1.01,clear sky
187,Turukhansk,RU,2021-04-11 15:57:18,65.8167,87.9833,28.81,88,100,8.68,overcast clouds
188,Tuktoyaktuk,CA,2021-04-11 15:57:18,69.4541,-133.0374,-18.4,76,20,4.61,few clouds
189,Pisco,PE,2021-04-11 15:57:19,-13.7,-76.2167,73.4,64,0,9.22,clear sky
190,Bethel,US,2021-04-11 15:57:19,41.3712,-73.414,60.8,82,90,3.44,overcast clouds
191,Nyurba,RU,2021-04-11 15:57:19,63.2842,118.3319,-2.34,99,31,3.62,scattered clouds
192,Valreas,FR,2021-04-11 15:57:20,44.3837,4.9908,57.2,82,90,5.75,overcast clouds
193,Road Town,VG,2021-04-11 15:56:15,18.4167,-64.6167,82.4,57,40,6.91,scattered clouds
194,Thompson,CA,2021-04-11 15:57:20,55.7435,-97.8558,21.2,79,90,14.97,overcast clouds
195,Asyut,EG,2021-04-11 15:56:16,27.181,31.1837,69.8,37,0,16.11,clear sky
196,Lebu,CL,2021-04-11 15:57:21,-37.6167,-73.65,60.21,65,0,12.64,clear sky
197,Praia Da Vitoria,PT,2021-04-11 15:52:29,38.7333,-27.0667,66.2,82,20,13.89,few clouds
198,Yellowknife,CA,2021-04-11 15:57:21,62.456,-114.3525,-7.6,71,75,8.05,broken clouds
199,Noumea,NC,2021-04-11 15:57:21,-22.2763,166.4572,79.0,100,90,3.44,overcast clouds
200,Rawson,AR,2021-04-11 15:57:22,-43.3002,-65.1023,68.9,40,15,17.22,few clouds
201,Flin Flon,CA,2021-04-11 15:57:22,54.7682,-101.865,26.6,93,90,6.91,light snow
202,Fomboni,KM,2021-04-11 15:57:22,-12.28,43.7425,83.8,70,95,11.59,overcast clouds
203,Dakar,SN,2021-04-11 15:54:24,14.6937,-17.4441,75.2,69,0,13.8,clear sky
204,Havelock,US,2021-04-11 15:55:16,34.8791,-76.9013,73.0,71,27,5.99,scattered clouds
205,Guarapari,BR,2021-04-11 15:57:11,-20.6667,-40.4975,84.2,51,0,8.05,clear sky
206,Khatanga,RU,2021-04-11 15:57:23,71.9667,102.5,21.88,89,89,14.58,overcast clouds
207,Te Anau,NZ,2021-04-11 15:57:24,-45.4167,167.7167,48.09,93,15,0.92,few clouds
208,Hanzhong,CN,2021-04-11 15:57:24,33.0728,107.0303,52.14,93,100,0.25,light rain
209,Viedma,AR,2021-04-11 15:57:24,-40.8135,-62.9967,72.46,31,13,14.79,few clouds
210,Oktyabrskiy,RU,2021-04-11 15:57:25,54.4815,53.471,48.7,84,100,4.12,overcast clouds
211,Svetlogorsk,BY,2021-04-11 15:57:25,52.6333,29.7333,54.88,52,0,6.67,clear sky
212,Sambava,MG,2021-04-11 15:57:26,-14.2667,50.1667,77.83,85,100,11.99,light rain
213,Kodra,UA,2021-04-11 15:57:26,50.5949,29.5587,60.8,23,0,6.71,clear sky
214,Bol,TD,2021-04-11 15:57:26,13.4586,14.7147,91.27,30,9,13.96,clear sky
215,Mana,GF,2021-04-11 15:57:27,5.6592,-53.7767,75.76,92,100,3.42,overcast clouds
216,Bubaque,GW,2021-04-11 15:57:27,11.2833,-15.8333,77.23,71,17,13.13,few clouds
217,Winsum,NL,2021-04-11 15:57:28,53.33,6.5208,44.01,80,100,1.99,overcast clouds
218,Belyy Yar,RU,2021-04-11 15:57:28,53.6039,91.3903,30.2,59,100,2.24,smoke
219,Jumla,NP,2021-04-11 15:57:29,29.2747,82.1838,46.33,25,25,5.3,scattered clouds
220,Canakkale,TR,2021-04-11 15:57:29,40.0833,26.8333,55.4,35,0,12.66,clear sky
221,Chute-Aux-Outardes,CA,2021-04-11 15:57:29,49.1168,-68.399,46.4,57,90,4.61,overcast clouds
222,Virginia Beach,US,2021-04-11 15:57:30,36.8529,-75.978,73.99,68,40,20.71,scattered clouds
223,Tilichiki,RU,2021-04-11 15:52:46,60.4667,166.1,-2.52,88,15,8.63,few clouds
224,Yarmouth,US,2021-04-11 15:57:30,41.7057,-70.2286,52.0,93,90,9.22,mist
225,Longyearbyen,SJ,2021-04-11 15:54:59,78.2186,15.6401,17.6,62,75,16.11,broken clouds
226,Wagar,SD,2021-04-11 15:57:31,16.1525,36.2032,88.48,21,47,19.93,scattered clouds
227,Povenets,RU,2021-04-11 15:57:31,62.8487,34.8262,37.63,72,2,11.32,clear sky
228,Port Elizabeth,ZA,2021-04-11 15:57:04,-33.918,25.5701,69.8,78,0,6.91,clear sky
229,Chuy,UY,2021-04-11 15:57:32,-33.6971,-53.4616,65.66,85,94,24.87,overcast clouds
230,Kandrian,PG,2021-04-11 15:57:32,-6.2167,149.55,76.28,91,100,6.04,light rain
231,Elko,US,2021-04-11 15:57:32,41.0002,-115.5012,39.99,49,0,5.01,clear sky
232,Upernavik,GL,2021-04-11 15:57:33,72.7868,-56.1549,30.38,75,100,6.93,overcast clouds
233,Roald,NO,2021-04-11 15:56:03,62.5833,6.1333,41.0,75,20,11.5,few clouds
234,Coihaique,CL,2021-04-11 15:57:33,-45.5752,-72.0662,57.2,77,75,5.75,light rain
235,Tual,ID,2021-04-11 15:57:34,-5.6667,132.75,83.21,70,80,9.69,broken clouds
236,Bagdarin,RU,2021-04-11 15:57:34,54.4333,113.6,9.18,57,0,3.94,clear sky
237,Luderitz,NA,2021-04-11 15:57:34,-26.6481,15.1594,78.26,47,0,7.0,clear sky
238,Iqaluit,CA,2021-04-11 15:54:41,63.7506,-68.5145,26.6,86,40,19.57,scattered clouds
239,Harper,LR,2021-04-11 15:57:35,4.375,-7.7169,84.87,70,78,10.18,broken clouds
240,Port Arthur,CN,2021-04-11 15:57:36,38.8,121.2667,51.8,66,0,11.18,light rain
241,Perbaungan,ID,2021-04-11 15:57:36,3.5679,98.956,78.8,100,40,3.6,mist
242,Ukiah,US,2021-04-11 15:53:56,39.1502,-123.2078,43.0,81,1,0.81,clear sky
243,Asau,RO,2021-04-11 15:57:36,46.4333,26.4,55.0,23,1,5.08,clear sky
244,Porto Novo,BJ,2021-04-11 15:56:47,6.4965,2.6036,89.6,70,20,16.11,few clouds
245,Medford,US,2021-04-11 15:57:37,42.3265,-122.8756,42.01,75,1,2.01,clear sky
246,Namatanai,PG,2021-04-11 15:57:37,-3.6667,152.4333,75.96,92,100,5.1,moderate rain
247,Pevek,RU,2021-04-11 15:57:38,69.7008,170.3133,-26.12,99,76,1.88,broken clouds
248,Turbat,PK,2021-04-11 15:57:38,26.0023,63.044,85.89,24,0,11.81,clear sky
249,Itoman,JP,2021-04-11 15:57:39,26.1247,127.6694,69.8,68,20,11.5,few clouds
250,Lorengau,PG,2021-04-11 15:57:39,-2.0226,147.2712,80.85,83,95,13.29,light rain
251,Narsaq,GL,2021-04-11 15:57:39,60.9167,-46.05,53.6,20,1,23.02,clear sky
252,Saint-Philippe,RE,2021-04-11 15:54:55,-21.3585,55.7679,78.8,78,90,4.61,light rain
253,Miles City,US,2021-04-11 15:57:40,46.4083,-105.8406,33.8,86,90,24.16,light snow
254,Sterling,US,2021-04-11 15:57:40,39.0062,-77.4286,75.0,56,20,10.36,few clouds
255,Kumluca,TR,2021-04-11 15:57:41,36.3703,30.2869,56.26,56,7,6.42,clear sky
256,Mubi,NG,2021-04-11 15:57:41,10.2676,13.2644,101.91,6,98,10.36,overcast clouds
257,Reftinskiy,RU,2021-04-11 15:57:41,57.0901,61.6769,59.0,47,0,6.71,clear sky
258,Sept-Iles,CA,2021-04-11 15:57:37,50.2001,-66.3821,55.4,54,75,9.22,broken clouds
259,Chokurdakh,RU,2021-04-11 15:55:13,70.6333,147.9167,-19.82,99,52,7.54,broken clouds
260,Keskin,TR,2021-04-11 15:57:42,39.6731,33.6136,37.0,88,100,3.0,overcast clouds
261,Colares,PT,2021-04-11 15:57:42,38.7992,-9.4469,66.0,63,20,12.66,few clouds
262,Muli,MV,2021-04-11 15:57:43,2.9167,73.5667,83.88,69,55,6.46,broken clouds
263,Vestmanna,FO,2021-04-11 15:57:43,62.1564,-7.1664,35.6,80,40,3.44,scattered clouds
264,Petropavlovsk-Kamchatskiy,RU,2021-04-11 15:57:44,53.0452,158.6483,26.6,86,40,2.24,scattered clouds
265,Beyneu,KZ,2021-04-11 15:57:44,45.3167,55.2,65.17,34,0,19.64,clear sky
266,Williams Lake,CA,2021-04-11 15:57:44,52.1415,-122.1445,36.0,59,75,3.44,broken clouds
267,Geraldton,AU,2021-04-11 15:57:45,-28.7667,114.6,75.2,94,90,18.41,overcast clouds
268,Axim,GH,2021-04-11 15:57:45,4.8699,-2.2405,85.03,70,98,11.95,overcast clouds
269,Mount Isa,AU,2021-04-11 15:57:45,-20.7333,139.5,69.8,28,0,10.36,clear sky
270,Ribeira Grande,PT,2021-04-11 15:57:46,38.5167,-28.7,62.6,94,75,9.22,broken clouds
271,Nouadhibou,MR,2021-04-11 15:57:46,20.931,-17.0347,75.2,50,5,18.41,clear sky
272,Pangnirtung,CA,2021-04-11 15:57:47,66.1451,-65.7125,24.8,68,40,3.44,scattered clouds
273,Chara,RU,2021-04-11 15:57:47,56.9064,118.2631,-1.55,78,82,3.69,broken clouds
274,Remanso,BR,2021-04-11 15:57:47,-9.6179,-42.0831,87.93,37,100,9.71,overcast clouds
275,Muskegon,US,2021-04-11 15:57:48,43.3,-86.1334,54.0,71,90,3.44,overcast clouds
276,Norfolk,US,2021-04-11 15:57:48,42.1668,-71.2495,48.2,81,90,8.05,overcast clouds
277,Kostinbrod,BG,2021-04-11 15:57:48,42.8167,23.2167,62.6,25,0,5.75,clear sky
278,Boa Vista,BR,2021-04-11 15:53:21,2.8197,-60.6733,78.8,78,75,6.91,light rain
279,Kalmunai,LK,2021-04-11 15:57:49,7.4167,81.8167,81.19,74,90,4.9,overcast clouds
280,Mountain Home,US,2021-04-11 15:57:49,43.133,-115.6912,35.6,41,1,20.71,clear sky
281,Bonavista,CA,2021-04-11 15:57:50,48.6499,-53.1147,37.0,100,100,5.75,moderate rain
282,Biak,ID,2021-04-11 15:57:50,-0.9131,122.8766,76.26,84,97,1.95,overcast clouds
283,Kambove,CD,2021-04-11 15:57:50,-10.8764,26.5969,63.86,93,48,5.66,light rain
284,Mokshan,RU,2021-04-11 15:57:51,53.4365,44.6132,44.01,99,100,11.81,light rain
285,Bayir,TR,2021-04-11 15:57:51,37.2687,28.2167,64.4,22,0,12.66,clear sky
286,Nabire,ID,2021-04-11 15:57:51,-3.3667,135.4833,76.15,90,34,3.69,scattered clouds
287,Wanaka,NZ,2021-04-11 15:57:52,-44.7,169.15,51.01,99,24,3.67,few clouds
288,Nichinan,JP,2021-04-11 15:57:52,31.6,131.3667,57.0,67,84,10.0,broken clouds
289,North Bend,US,2021-04-11 15:57:52,43.4065,-124.2243,43.0,75,1,6.91,clear sky
290,Rio Grande,BR,2021-04-11 15:56:12,-32.035,-52.0986,75.2,78,75,14.97,broken clouds
291,San Patricio,US,2021-04-11 15:57:53,28.017,-97.5169,78.01,60,40,14.97,scattered clouds
292,Port-Gentil,GA,2021-04-11 15:57:53,-0.7193,8.7815,77.0,94,40,3.44,light rain
293,Porosozero,RU,2021-04-11 15:57:54,62.7191,32.727,37.47,69,0,9.73,clear sky
294,Aleksandrovskoye,RU,2021-04-11 15:57:54,44.7142,43.0008,48.2,76,90,6.71,light rain
295,Breves,BR,2021-04-11 15:57:55,-1.6822,-50.4803,85.68,67,84,2.98,broken clouds
296,Yulara,AU,2021-04-11 15:57:55,-25.2406,130.9889,64.4,39,22,11.5,few clouds
297,Marawi,PH,2021-04-11 15:55:32,7.9986,124.2928,77.0,90,77,5.99,broken clouds
298,Kupang,ID,2021-04-11 15:53:37,-10.1667,123.5833,76.69,88,30,3.6,scattered clouds
299,Tuy Hoa,VN,2021-04-11 15:57:56,13.0833,109.3,76.5,88,15,2.46,few clouds
300,Yarada,IN,2021-04-11 15:57:56,17.65,83.2667,81.57,79,1,7.45,clear sky
301,Kirakira,SB,2021-04-11 15:57:56,-10.4544,161.9205,78.46,83,92,0.11,overcast clouds
302,The Pas,CA,2021-04-11 15:57:57,53.8251,-101.2541,30.2,93,90,9.22,snow
303,West Bay,KY,2021-04-11 15:57:57,19.3667,-81.4167,84.99,79,20,12.66,few clouds
304,Lata,PT,2021-04-11 15:57:58,40.1629,-8.3327,68.0,72,40,9.22,scattered clouds
305,Ciudad Bolivar,VE,2021-04-11 15:57:58,8.1222,-63.5497,90.88,45,97,5.82,overcast clouds
306,Marzuq,YE,2021-04-11 15:57:58,14.4,46.4667,72.18,50,5,10.36,clear sky
307,Uddevalla,SE,2021-04-11 15:57:59,58.3478,11.9424,35.01,93,90,12.66,snow
308,Arman,RU,2021-04-11 15:57:59,59.7,150.1667,9.5,75,100,12.41,overcast clouds
309,Salinopolis,BR,2021-04-11 15:57:59,-0.6136,-47.3561,82.54,78,97,9.46,overcast clouds
310,Komsomolskiy,UZ,2021-04-11 15:58:00,40.4272,71.7189,62.6,36,37,11.5,scattered clouds
311,Minamata,JP,2021-04-11 15:58:00,32.2167,130.4,57.0,67,42,10.0,scattered clouds
312,Namibe,AO,2021-04-11 15:58:01,-15.1961,12.1522,87.8,62,40,16.11,scattered clouds
313,Sarahan,IN,2021-04-11 15:58:01,31.5167,77.8,49.68,46,84,7.7,broken clouds
314,Iraucuba,BR,2021-04-11 15:58:01,-3.7461,-39.7833,91.47,45,42,7.34,scattered clouds
315,Vila,PT,2021-04-11 15:58:02,42.0304,-8.1588,57.99,63,35,10.0,scattered clouds
316,Sarangani,PH,2021-04-11 15:58:02,5.4033,125.4636,82.58,70,100,3.22,overcast clouds
317,Adre,TD,2021-04-11 15:58:02,13.4667,22.2,93.51,7,0,8.43,clear sky
318,Krasnoselkup,RU,2021-04-11 15:58:03,65.7,82.4667,30.72,92,100,14.5,overcast clouds
319,Sal Rei,CV,2021-04-11 15:58:03,16.1833,-22.9167,78.8,61,0,17.27,clear sky
320,Monjas,GT,2021-04-11 15:58:03,14.5,-89.8667,87.8,54,1,6.26,clear sky
321,San Juan De Uraba,CO,2021-04-11 15:58:04,8.7592,-76.5297,84.33,72,100,4.94,overcast clouds
322,La Palma,US,2021-04-11 15:54:17,33.8464,-118.0467,64.0,77,75,4.61,haze
323,Rabo De Peixe,PT,2021-04-11 15:58:05,37.8,-25.5833,66.2,88,75,9.22,broken clouds
324,Leonidovo,RU,2021-04-11 15:58:05,49.2833,142.8667,33.62,87,52,5.88,broken clouds
325,Hervey Bay,AU,2021-04-11 15:58:05,-25.2986,152.8535,68.0,55,0,4.0,clear sky
326,Cap Malheureux,MU,2021-04-11 15:58:06,-19.9842,57.6142,80.01,80,78,4.0,light rain
327,San Luis,AR,2021-04-11 15:57:22,-33.295,-66.3356,64.29,38,0,7.94,clear sky
328,Neepawa,CA,2021-04-11 15:58:06,50.2289,-99.4664,44.6,42,40,18.41,scattered clouds
329,Ballina,AU,2021-04-11 15:58:07,-28.8667,153.5667,62.6,67,90,9.22,overcast clouds
330,Lebedinyy,RU,2021-04-11 15:58:07,58.5167,125.5167,5.54,94,100,10.76,light snow
331,Gornopravdinsk,RU,2021-04-11 15:58:07,60.05,69.9,44.82,90,100,11.34,light rain
332,Weatherford,US,2021-04-11 15:58:08,32.7593,-97.7972,72.0,47,0,3.0,clear sky
333,Matara,LK,2021-04-11 15:58:08,5.9485,80.5353,79.61,78,60,0.47,broken clouds
334,Bracebridge,CA,2021-04-11 15:55:00,45.0334,-79.3163,57.2,94,75,8.05,broken clouds
335,Ranong,TH,2021-04-11 15:58:08,9.9658,98.6348,79.77,83,87,3.94,overcast clouds
336,Necochea,AR,2021-04-11 15:58:09,-38.5473,-58.7368,66.99,69,94,11.01,overcast clouds
337,Koumac,NC,2021-04-11 15:58:09,-20.5667,164.2833,75.83,85,100,9.15,overcast clouds
338,Great Yarmouth,GB,2021-04-11 15:58:10,52.6083,1.7305,43.0,65,40,12.66,scattered clouds
339,Esperance,AU,2021-04-11 15:58:10,-33.8667,121.9,59.0,88,90,21.85,overcast clouds
340,Paignton,GB,2021-04-11 15:58:10,50.4357,-3.5679,48.0,57,81,3.0,broken clouds
341,Kemijarvi,FI,2021-04-11 15:58:11,66.7131,27.4306,36.97,75,99,9.08,overcast clouds
342,Vyartsilya,RU,2021-04-11 15:58:11,62.1764,30.693,38.89,72,3,5.35,clear sky
343,Thinadhoo,MV,2021-04-11 15:58:11,0.5333,72.9333,83.71,67,45,9.95,scattered clouds
344,Jacareacanga,BR,2021-04-11 15:58:12,-6.2222,-57.7528,83.75,75,100,1.61,overcast clouds
345,That Phanom,TH,2021-04-11 15:58:12,16.9364,104.7104,80.6,62,64,8.34,broken clouds
346,Havoysund,NO,2021-04-11 15:58:12,70.9963,24.6622,33.8,86,75,21.85,light snow
347,Bandarbeyla,SO,2021-04-11 15:58:13,9.4942,50.8122,80.53,68,78,9.06,broken clouds
348,Shache,CN,2021-04-11 15:58:13,38.4167,77.2406,61.47,20,2,7.83,clear sky
349,Ornskoldsvik,SE,2021-04-11 15:58:13,63.2909,18.7153,41.0,56,4,12.66,clear sky
350,Nguru,NG,2021-04-11 15:58:14,12.8791,10.4526,104.72,5,43,13.02,scattered clouds
351,Bima,ID,2021-04-11 15:56:07,-8.4667,118.7167,75.58,94,22,3.67,few clouds
352,Mecca,SA,2021-04-11 15:58:14,21.4267,39.8261,79.63,30,0,12.15,clear sky
353,Cherskiy,RU,2021-04-11 15:58:15,68.75,161.3,-28.57,99,51,4.65,broken clouds
354,Churapcha,RU,2021-04-11 15:58:15,62.0025,132.4325,9.5,98,100,3.38,overcast clouds
355,Letka,RU,2021-04-11 15:58:16,59.6011,49.4232,37.58,95,84,4.25,broken clouds
356,Mabay,PH,2021-04-11 15:58:16,6.0577,124.4666,79.16,81,99,4.47,overcast clouds
357,Talnakh,RU,2021-04-11 15:58:16,69.4865,88.3972,21.92,96,94,8.68,overcast clouds
358,Saint George,US,2021-04-11 15:58:17,37.1041,-113.5841,55.4,21,1,2.24,clear sky
359,Norsup,VU,2021-04-11 15:58:17,-16.0667,167.3833,77.56,86,100,2.89,overcast clouds
360,Ferrol,ES,2021-04-11 15:58:17,43.4832,-8.2369,55.99,53,12,13.0,few clouds
361,Zyryanka,RU,2021-04-11 15:56:05,65.75,150.85,-26.09,100,82,2.95,broken clouds
362,Yuzhno-Sukhokumsk,RU,2021-04-11 15:58:18,44.6581,45.6436,56.93,58,99,7.63,overcast clouds
363,Octeville,FR,2021-04-11 15:58:18,49.6261,-1.6435,45.0,57,20,8.05,few clouds
364,Tura,IN,2021-04-11 15:58:19,25.5198,90.2201,79.81,39,50,4.7,scattered clouds
365,Los Llanos De Aridane,ES,2021-04-11 15:58:19,28.6585,-17.9182,71.6,68,20,6.91,few clouds
366,Kattivakkam,IN,2021-04-11 15:54:23,13.2167,80.3167,84.2,74,40,5.75,scattered clouds
367,Phek,IN,2021-04-11 15:58:20,25.6667,94.5,57.07,49,20,0.22,few clouds
368,Tautira,PF,2021-04-11 15:58:20,-17.7333,-149.15,77.0,78,40,4.61,scattered clouds
369,Atar,MR,2021-04-11 15:58:20,20.5169,-13.0499,97.48,11,40,8.28,scattered clouds
370,Yanam,IN,2021-04-11 15:58:21,16.7333,82.2167,82.4,69,20,5.75,few clouds
371,Jibuti,DJ,2021-04-11 15:56:59,11.5,42.5,84.2,70,20,5.75,few clouds
372,Praya,CV,2021-04-11 15:55:15,14.9215,-23.5087,84.2,37,0,24.16,clear sky
373,Umm Lajj,SA,2021-04-11 15:58:21,25.0213,37.2685,72.25,55,0,17.09,clear sky
374,Cao Bang,VN,2021-04-11 15:58:22,22.6667,106.25,71.8,96,98,4.74,light rain
375,Kavaratti,IN,2021-04-11 15:58:22,10.5669,72.642,83.93,67,13,7.78,few clouds
376,Ostrovnoy,RU,2021-04-11 15:58:23,68.0531,39.5131,33.48,85,43,27.42,scattered clouds
377,Vestmannaeyjar,IS,2021-04-11 15:58:23,63.4427,-20.2734,39.2,65,90,26.46,overcast clouds
378,Straumen,NO,2021-04-11 15:58:23,63.8709,11.2999,42.01,65,75,5.75,broken clouds
379,Buta,CD,2021-04-11 15:58:24,2.7858,24.73,81.68,59,100,4.79,overcast clouds
380,Yar-Sale,RU,2021-04-11 15:58:24,66.8333,70.8333,32.59,98,100,12.08,overcast clouds
381,Grand Gaube,MU,2021-04-11 15:58:25,-20.0064,57.6608,80.01,80,80,4.0,light rain
382,Faanui,PF,2021-04-11 15:58:25,-16.4833,-151.75,81.14,76,100,10.94,overcast clouds
383,Pingliang,CN,2021-04-11 15:58:25,35.5392,106.6861,45.77,90,85,2.57,overcast clouds
384,Zhicheng,CN,2021-04-11 15:58:26,30.2956,111.5047,55.99,94,99,2.19,light rain
385,Souillac,MU,2021-04-11 15:58:26,-20.5167,57.5167,80.6,78,40,6.91,light rain
386,Grande Prairie,CA,2021-04-11 15:58:26,55.1667,-118.8027,19.4,86,20,3.44,few clouds
387,Laguna,US,2021-04-11 15:58:27,38.421,-121.4238,57.0,82,1,4.61,clear sky
388,Benguela,AO,2021-04-11 15:58:27,-12.5763,13.4055,84.65,72,85,4.61,overcast clouds
389,La Rioja,ES,2021-04-11 15:58:27,42.25,-2.5,50.0,66,90,8.05,overcast clouds
390,Milas,TR,2021-04-11 15:58:28,37.3164,27.7839,62.6,22,0,12.66,clear sky
391,Eyl,SO,2021-04-11 15:58:28,7.9803,49.8164,81.19,67,61,9.51,broken clouds
392,Gat,IL,2021-04-11 15:57:03,31.61,34.7642,63.0,56,13,1.01,few clouds
393,Aleppo,SY,2021-04-11 15:58:29,36.25,37.5,51.73,49,74,14.16,broken clouds
394,Najran,SA,2021-04-11 15:58:29,17.4924,44.1277,93.2,16,40,11.5,scattered clouds
395,Dongsheng,CN,2021-04-11 15:58:29,39.8161,109.9776,42.44,87,89,12.88,overcast clouds
396,Alofi,NU,2021-04-11 15:58:30,-19.0595,-169.9187,69.8,94,14,2.3,few clouds
397,Freeport,US,2021-04-11 15:58:30,40.6576,-73.5832,59.0,94,90,6.91,overcast clouds
398,Mikuni,JP,2021-04-11 15:58:30,36.2171,136.1519,44.6,81,57,2.3,broken clouds
399,Kayanga,TZ,2021-04-11 15:58:31,-1.5303,31.1511,61.45,89,92,3.67,overcast clouds
400,Victoria,HK,2021-04-11 15:57:48,22.2855,114.1577,73.0,83,20,1.99,few clouds
401,Kruisfontein,ZA,2021-04-11 15:58:31,-34.0033,24.7314,70.0,66,100,1.01,overcast clouds
402,Kota Belud,MY,2021-04-11 15:58:32,6.351,116.4305,75.2,94,20,3.44,few clouds
403,Lenger,KZ,2021-04-11 15:58:32,42.183,69.8839,50.0,53,0,2.24,clear sky
404,Jijiga,ET,2021-04-11 15:58:32,9.35,42.8,72.54,49,80,8.08,broken clouds
405,Ayia Galini,GR,2021-04-11 15:58:33,35.1,24.6833,59.0,67,20,10.36,few clouds
406,Bedele,ET,2021-04-11 15:58:33,8.456,36.353,72.27,27,59,2.46,broken clouds
407,Bemidji,US,2021-04-11 15:57:16,47.4736,-94.8803,43.0,87,90,9.22,overcast clouds
408,Znamenskoye,RU,2021-04-11 15:58:34,57.1281,73.8282,32.36,93,100,8.41,overcast clouds
409,San Quintin,MX,2021-04-11 15:58:34,30.4833,-115.95,59.68,77,100,6.82,overcast clouds
410,Benghazi,LY,2021-04-11 15:58:35,32.1167,20.0667,63.99,50,91,15.03,overcast clouds
411,Noboribetsu,JP,2021-04-11 15:58:35,42.4514,141.1731,37.99,86,0,3.44,clear sky
412,Beira,MZ,2021-04-11 15:54:58,-19.8436,34.8389,80.6,83,40,9.46,scattered clouds
413,Havre-Saint-Pierre,CA,2021-04-11 15:58:36,50.2334,-63.5986,57.2,54,40,33.38,scattered clouds
414,Aklavik,CA,2021-04-11 15:58:36,68.2191,-135.0107,-18.4,76,1,4.61,clear sky
415,Nador,MA,2021-04-11 15:58:36,35.174,-2.9287,71.6,52,0,11.5,clear sky
416,Peachland,CA,2021-04-11 15:58:37,49.7665,-119.7357,37.0,61,63,1.99,broken clouds
417,Markova,UA,2021-04-11 15:58:37,48.6758,24.4138,62.6,25,0,13.42,clear sky
418,Yumen,CN,2021-04-11 15:58:37,40.2833,97.2,50.94,42,65,11.65,broken clouds
419,Bireun,ID,2021-04-11 15:58:38,5.203,96.7009,78.42,85,13,4.7,few clouds
420,Berovo,MK,2021-04-11 15:58:38,41.7031,22.8578,51.48,63,15,5.32,few clouds
421,Ipua,BR,2021-04-11 15:58:38,-20.4381,-48.0122,89.94,20,0,3.38,clear sky
422,Mangrol,IN,2021-04-11 15:58:39,21.1167,70.1167,80.87,71,0,13.53,clear sky
423,Hambantota,LK,2021-04-11 15:53:54,6.1241,81.1185,78.8,100,20,4.61,few clouds
424,Hasaki,JP,2021-04-11 15:58:39,35.7333,140.8333,46.4,81,20,1.14,few clouds
425,Dneprovskaya,RU,2021-04-11 15:58:40,45.6236,38.8081,46.99,100,100,9.4,light rain
426,Port Hardy,CA,2021-04-11 15:55:50,50.6996,-127.4199,41.0,81,20,8.05,few clouds
427,San Francisco Del Mar,MX,2021-04-11 15:58:40,16.2333,-94.65,83.12,63,3,9.33,clear sky
428,Jonuta,MX,2021-04-11 15:58:41,18.0833,-92.1333,96.26,38,0,4.99,clear sky
429,Ayan,RU,2021-04-11 15:58:41,56.45,138.1667,14.36,71,100,10.11,overcast clouds
430,Northam,GB,2021-04-11 15:58:41,51.0333,-4.2167,48.0,64,10,5.01,clear sky
431,Mareeba,AU,2021-04-11 15:58:42,-17.0,145.4333,75.2,94,3,1.74,clear sky
432,Taoudenni,ML,2021-04-11 15:57:04,22.6783,-3.9836,99.39,9,17,8.9,few clouds
433,Gazli,UZ,2021-04-11 15:58:42,40.1333,63.45,62.47,24,0,21.47,clear sky
434,Karratha,AU,2021-04-11 15:58:42,-20.7377,116.8463,83.64,72,84,7.49,broken clouds
435,Altus,US,2021-04-11 15:58:43,34.6381,-99.334,66.0,32,1,9.22,clear sky
436,Hofn,IS,2021-04-11 15:55:38,64.2539,-15.2082,32.0,93,90,10.36,light rain and snow
437,Urumqi,CN,2021-04-11 15:58:44,43.801,87.6005,50.0,29,0,8.95,clear sky
438,Gambela,ET,2021-04-11 15:58:44,8.25,34.5833,93.87,23,100,3.76,overcast clouds
439,Devils Lake,US,2021-04-11 15:58:45,48.1128,-98.8651,51.01,61,1,11.5,clear sky
440,Fort Nelson,CA,2021-04-11 15:56:58,58.8053,-122.7002,19.4,53,40,19.57,scattered clouds
441,Korcula,HR,2021-04-11 15:58:47,42.9622,17.1369,64.4,39,40,5.75,scattered clouds
442,Oussouye,SN,2021-04-11 15:57:23,12.485,-16.5469,98.6,65,0,6.91,clear sky
443,Mabaruma,GY,2021-04-11 15:58:47,8.2,-59.7833,81.19,85,98,4.81,overcast clouds
444,Olden,NO,2021-04-11 15:58:48,61.8364,6.8064,41.0,52,20,1.14,few clouds
445,Sola,VU,2021-04-11 15:58:48,-13.8833,167.55,79.41,77,100,0.87,overcast clouds
446,Evensk,RU,2021-04-11 15:58:48,61.95,159.2333,-3.19,77,80,10.85,broken clouds
447,Okhotsk,RU,2021-04-11 15:56:48,59.3833,143.3,18.63,86,100,20.67,light snow
448,Veinticinco De Mayo,AR,2021-04-11 15:58:49,-35.4323,-60.1727,66.99,63,24,10.0,few clouds
449,Koutsouras,GR,2021-04-11 15:58:49,35.0339,25.9469,57.31,55,0,13.22,clear sky
450,Les Cayes,HT,2021-04-11 15:58:50,18.2,-73.75,80.98,69,60,12.15,broken clouds
451,Almora,IN,2021-04-11 15:58:50,29.6167,79.6667,59.65,14,1,1.39,clear sky
452,Kibala,TD,2021-04-11 15:58:50,9.1104,18.3463,105.8,15,20,11.5,few clouds
453,Saint Anthony,US,2021-04-11 15:58:51,45.0205,-93.218,46.99,76,90,11.5,overcast clouds
454,Haapiti,PF,2021-04-11 15:58:51,-17.5667,-149.8667,77.0,78,40,4.61,scattered clouds
455,Hurghada,EG,2021-04-11 15:58:52,27.2574,33.8129,71.6,33,0,18.41,clear sky
456,Takhtamygda,RU,2021-04-11 15:58:52,54.1,123.5667,13.89,84,100,1.83,overcast clouds
457,Mbandaka,CD,2021-04-11 15:56:21,0.0487,18.2603,75.96,82,51,8.59,light rain
458,Hualmay,PE,2021-04-11 15:58:52,-11.0964,-77.6139,73.09,75,93,7.72,overcast clouds
459,San Antonio,US,2021-04-11 15:58:53,29.4241,-98.4936,75.0,30,1,6.91,clear sky
460,Wattegama,LK,2021-04-11 15:58:53,6.7989,81.4808,78.8,100,20,4.61,few clouds
461,Coahuayana,MX,2021-04-11 15:58:54,18.7333,-103.6833,73.4,49,20,4.05,few clouds
462,Quelimane,MZ,2021-04-11 15:58:54,-17.8786,36.8883,80.6,78,75,5.75,broken clouds
463,Jablanica,BA,2021-04-11 15:58:54,43.6603,17.7617,64.4,39,40,5.75,scattered clouds
464,Poum,NC,2021-04-11 15:58:55,-20.2333,164.0167,77.94,79,100,16.46,overcast clouds
465,Jalu,LY,2021-04-11 15:58:55,29.0331,21.5482,74.1,13,2,11.25,clear sky
466,Jambi,ID,2021-04-11 15:58:56,-1.6,103.6167,74.17,96,43,2.28,scattered clouds
467,Roma,US,2021-04-11 15:56:39,43.2128,-75.4557,69.8,52,1,11.5,clear sky
468,Esqueda,MX,2021-04-11 15:58:56,30.7167,-109.5833,67.75,26,100,5.93,overcast clouds
469,Xanlar,AZ,2021-04-11 15:58:17,40.5869,46.3158,59.0,82,90,2.3,overcast clouds
470,Rocha,UY,2021-04-11 15:58:57,-34.4833,-54.3333,66.65,84,91,29.39,overcast clouds
471,Batemans Bay,AU,2021-04-11 15:58:57,-35.7167,150.1833,52.0,56,6,1.01,clear sky
472,Saint-Pierre,RE,2021-04-11 15:58:57,-21.3393,55.4781,78.8,78,90,4.61,light rain
473,Dire Dawa,ET,2021-04-11 15:58:58,9.5931,41.8661,77.13,47,73,7.29,broken clouds
474,Touros,BR,2021-04-11 15:55:48,-5.1989,-35.4608,87.8,66,75,12.66,broken clouds
475,Luanda,AO,2021-04-11 15:54:24,-8.8368,13.2343,86.0,66,40,9.22,light rain
476,Genoa,IT,2021-04-11 15:58:58,44.4129,8.9573,55.4,71,75,16.11,broken clouds
477,Kolvereid,NO,2021-04-11 15:58:59,64.8655,11.6047,42.8,56,20,9.22,few clouds
478,Vila Franca Do Campo,PT,2021-04-11 15:58:59,37.7167,-25.4333,66.2,88,75,9.22,broken clouds
479,Muyezerskiy,RU,2021-04-11 15:59:00,63.9333,31.65,37.44,70,9,15.21,clear sky
480,Isangel,VU,2021-04-11 15:59:00,-19.55,169.2667,78.4,87,99,8.75,overcast clouds
481,Vila Do Maio,CV,2021-04-11 15:59:00,15.1333,-23.2167,84.2,37,0,24.16,clear sky
482,San Ignacio,BZ,2021-04-11 15:59:01,17.1561,-89.0714,84.2,74,0,4.61,clear sky
483,Rio De Oro,CO,2021-04-11 15:59:01,8.2919,-73.3849,75.49,63,99,3.96,overcast clouds
484,Salinas,US,2021-04-11 15:55:32,36.6777,-121.6555,51.8,81,90,5.75,overcast clouds
485,Sakakah,SA,2021-04-11 15:59:02,29.9697,40.2064,68.0,18,0,11.5,clear sky
486,Mitsamiouli,KM,2021-04-11 15:59:02,-11.3847,43.2844,82.11,74,81,10.36,broken clouds
487,Inndyr,NO,2021-04-11 15:59:02,67.0338,14.0276,37.4,81,75,13.8,broken clouds
488,Pointe Michel,DM,2021-04-11 15:59:03,15.25,-61.3833,84.2,61,20,1.14,few clouds
489,Tra Vinh,VN,2021-04-11 15:56:55,9.9347,106.3453,80.31,80,15,9.17,few clouds
490,Uglovskoye,RU,2021-04-11 15:59:03,51.3557,80.1942,37.04,71,0,12.95,clear sky
491,Moron,AR,2021-04-11 15:57:26,-34.6534,-58.6198,66.99,71,93,5.01,overcast clouds
492,Gorontalo,ID,2021-04-11 15:59:04,0.5412,123.0595,75.96,93,100,3.06,overcast clouds
493,Monte Patria,CL,2021-04-11 15:59:04,-30.6919,-70.9467,80.55,17,0,5.23,clear sky
494,Slave Lake,CA,2021-04-11 15:59:04,55.2834,-114.769,21.2,93,90,2.3,overcast clouds
495,Santa Fe,AR,2021-04-11 15:54:54,-31.6333,-60.7,64.0,73,92,8.01,overcast clouds
496,Lokosovo,RU,2021-04-11 15:59:05,61.1333,74.8167,40.26,97,100,13.8,light rain
497,Mayo,US,2021-04-11 15:59:05,38.8876,-76.5119,73.99,64,20,12.66,few clouds
498,Santa Isabel,BR,2021-04-11 15:55:23,-23.3156,-46.2214,80.6,41,0,8.05,clear sky
499,Tatawin,TN,2021-04-11 15:59:06,32.9297,10.4518,89.6,12,74,9.22,broken clouds
500,Sao Joao Da Barra,BR,2021-04-11 15:59:06,-21.6403,-41.0511,86.0,48,20,2.86,few clouds
501,Langsa,ID,2021-04-11 15:59:07,4.4683,97.9683,75.85,90,82,2.62,broken clouds
502,San Rafael,AR,2021-04-11 15:59:07,-34.6177,-68.3301,68.11,23,0,6.33,clear sky
503,Luau,AO,2021-04-11 15:59:07,-10.7073,22.2247,72.07,78,94,3.69,overcast clouds
504,Aiquile,BO,2021-04-11 15:59:08,-18.2041,-65.1807,67.01,62,69,5.44,broken clouds
505,Nioro,GM,2021-04-11 15:59:08,13.35,-15.75,106.99,8,0,5.79,clear sky
506,Turayf,SA,2021-04-11 15:59:08,31.6725,38.6637,60.8,39,0,11.5,clear sky
507,Plouzane,FR,2021-04-11 15:59:09,48.3833,-4.6167,50.0,49,0,12.66,clear sky
508,Vardo,NO,2021-04-11 15:57:01,70.3705,31.1107,33.8,80,75,23.02,light snow
509,Llanes,ES,2021-04-11 15:59:09,43.4198,-4.7549,52.0,73,100,8.01,overcast clouds
510,Kudahuvadhoo,MV,2021-04-11 15:54:44,2.6708,72.8944,83.77,69,86,6.87,overcast clouds
511,Joao Camara,BR,2021-04-11 15:59:10,-5.5375,-35.8197,87.8,66,75,12.66,broken clouds
512,Mogwase,ZA,2021-04-11 15:59:10,-25.185,27.2665,79.56,23,0,4.81,clear sky
513,Balikpapan,ID,2021-04-11 15:59:11,-1.2675,116.8289,76.51,86,99,1.72,overcast clouds
514,Tutoia,BR,2021-04-11 15:59:11,-2.7619,-42.2744,84.2,74,75,16.11,broken clouds
515,Tondano,ID,2021-04-11 15:59:11,1.3038,124.9112,78.8,94,40,1.14,scattered clouds
516,Aasiaat,GL,2021-04-11 15:59:12,68.7098,-52.8699,25.12,76,100,10.8,overcast clouds
517,Grindavik,IS,2021-04-11 15:59:12,63.8424,-22.4338,39.2,87,90,19.57,overcast clouds
518,Tandalti,SD,2021-04-11 15:59:12,13.0167,31.8667,92.62,10,23,12.77,few clouds
519,Grand Forks,US,2021-04-11 15:59:13,47.9417,-97.4337,46.99,81,40,5.75,scattered clouds
520,Makakilo City,US,2021-04-11 15:59:13,21.3469,-158.0858,68.0,72,90,3.44,overcast clouds
521,Bosaso,SO,2021-04-11 15:59:14,11.2842,49.1816,81.41,69,5,3.71,clear sky
522,Rantauprapat,ID,2021-04-11 15:59:14,2.1,99.8333,73.31,97,59,2.73,broken clouds
523,Hutchinson,US,2021-04-11 15:55:35,38.0608,-97.9298,61.0,38,1,8.05,clear sky
524,Shakawe,BW,2021-04-11 15:59:15,-18.3667,21.85,77.77,31,5,6.64,clear sky
525,Osakarovka,KZ,2021-04-11 15:59:15,50.565,72.5692,36.84,73,0,12.15,clear sky
526,Flinders,AU,2021-04-11 15:59:15,-34.5833,150.8552,50.0,57,1,8.05,clear sky
527,Dunedin,NZ,2021-04-11 15:57:18,-45.8742,170.5036,55.0,86,9,2.17,clear sky
528,Sur,OM,2021-04-11 15:58:05,22.5667,59.5289,83.59,58,0,5.44,clear sky
529,Dori,BF,2021-04-11 15:59:16,14.0354,-0.0345,107.89,4,0,10.51,clear sky
530,Bentiu,SS,2021-04-11 15:59:16,9.2333,29.8333,98.08,8,90,5.48,overcast clouds
531,Half Moon Bay,US,2021-04-11 15:59:17,37.4636,-122.4286,55.0,87,75,9.22,haze
532,Nishihara,JP,2021-04-11 15:59:17,26.1842,127.7558,69.8,68,20,13.8,few clouds
533,Pangai,TO,2021-04-11 15:59:17,-19.8,-174.35,79.05,76,46,13.38,light rain
534,Hay River,CA,2021-04-11 15:59:18,60.8156,-115.7999,1.4,71,100,1.14,overcast clouds
535,Pacific Grove,US,2021-04-11 15:59:18,36.6177,-121.9166,51.8,76,90,4.61,overcast clouds
536,Sorong,ID,2021-04-11 15:59:19,-0.8833,131.25,81.41,76,95,5.53,overcast clouds
537,Almaznyy,RU,2021-04-11 15:59:19,48.0448,40.045,48.2,81,75,13.42,broken clouds
538,Zhigansk,RU,2021-04-11 15:55:53,66.7697,123.3711,2.19,94,6,11.63,clear sky
539,Cockburn Town,TC,2021-04-11 15:59:20,21.4612,-71.1419,75.61,66,89,15.41,overcast clouds
540,Lazaro Cardenas,MX,2021-04-11 15:59:20,17.9583,-102.2,81.72,51,9,4.61,clear sky
541,Tallahassee,US,2021-04-11 15:57:32,30.4383,-84.2807,64.99,100,90,3.44,overcast clouds
542,Aljezur,PT,2021-04-11 15:59:21,37.3191,-8.8033,63.88,68,31,13.31,scattered clouds
543,Wadi Maliz,TN,2021-04-11 15:59:21,36.4681,8.5495,78.8,38,0,11.92,clear sky
544,Bilibino,RU,2021-04-11 15:59:21,68.0546,166.4372,-24.48,95,25,5.12,scattered clouds
545,Lozova,UA,2021-04-11 15:59:22,48.8894,36.3176,52.95,49,100,14.79,overcast clouds
546,Baltiysk,RU,2021-04-11 15:59:22,54.6538,19.911,64.4,45,0,11.18,clear sky
547,Samarai,PG,2021-04-11 15:59:23,-10.6167,150.6667,79.72,68,70,10.78,broken clouds
548,Constitucion,CL,2021-04-11 15:59:23,-35.3333,-72.4167,66.45,44,0,13.98,clear sky
549,Temuco,CL,2021-04-11 15:59:23,-38.7333,-72.6,55.4,76,75,4.61,broken clouds
550,Nhulunbuy,AU,2021-04-11 15:59:24,-12.2333,136.7667,77.0,88,98,4.61,overcast clouds
551,Cozumel,MX,2021-04-11 15:59:24,20.5083,-86.9458,84.99,74,75,11.5,broken clouds
552,Sycow,PL,2021-04-11 15:59:24,51.3081,17.7198,62.6,42,0,11.5,clear sky
553,Tetouan,MA,2021-04-11 15:55:05,35.5711,-5.3724,69.8,73,40,10.36,scattered clouds
554,Howard Springs,AU,2021-04-11 15:59:25,-12.497,131.047,82.4,89,75,3.44,broken clouds
555,Carinhanha,BR,2021-04-11 15:59:25,-14.3047,-43.765,93.2,28,28,6.62,scattered clouds
556,Daru,PG,2021-04-11 15:59:25,-9.0763,143.2092,76.12,90,93,6.35,overcast clouds
557,Erzin,TR,2021-04-11 15:59:26,36.9559,36.2,54.0,71,97,2.48,overcast clouds
558,Redlands,US,2021-04-11 15:59:26,34.0556,-117.1825,61.0,71,75,1.14,broken clouds
559,Maunatlala,BW,2021-04-11 15:59:27,-22.597,27.6301,84.2,37,0,8.05,clear sky
560,Fonte Boa,BR,2021-04-11 15:55:05,-2.4959,-66.2662,81.66,74,97,3.56,overcast clouds
561,Pokrovsk,UA,2021-04-11 15:59:27,48.282,37.1758,49.5,56,100,16.33,overcast clouds
562,Sydney,AU,2021-04-11 15:58:36,-33.8679,151.2073,53.6,50,0,6.91,clear sky
563,Yakima,US,2021-04-11 15:55:18,46.4665,-120.6678,39.99,48,1,3.44,clear sky
564,Praia,CV,2021-04-11 15:59:22,14.9215,-23.5087,84.2,37,0,24.16,clear sky
565,Plainview,US,2021-04-11 15:59:28,40.7765,-73.4673,59.0,94,90,6.91,light rain
566,Laguna De Perlas,NI,2021-04-11 15:59:29,12.3429,-83.6712,84.2,84,20,4.61,few clouds
567,Wajima,JP,2021-04-11 15:59:29,37.4,136.9,46.92,67,5,9.15,clear sky
568,Folldal,NO,2021-04-11 15:59:29,62.1325,9.9968,27.91,77,21,3.49,few clouds
569,Pavlodar,KZ,2021-04-11 15:59:30,52.3,76.95,37.4,65,0,8.95,clear sky
570,Hami,CN,2021-04-11 15:59:30,42.8,93.45,57.13,29,51,11.61,broken clouds
571,Bonthe,SL,2021-04-11 15:59:31,7.5264,-12.505,87.21,66,51,12.5,broken clouds
572,Anloga,GH,2021-04-11 15:57:24,5.7947,0.8973,89.6,62,20,17.27,few clouds
573,Dourbali,TD,2021-04-11 15:59:31,11.8091,15.8632,104.97,3,2,14.54,clear sky
574,Henties Bay,NA,2021-04-11 15:55:44,-22.116,14.2845,80.42,43,1,9.19,clear sky
575,High Level,CA,2021-04-11 15:59:32,58.5169,-117.136,12.2,73,75,9.22,light snow
576,Trang,TH,2021-04-11 15:59:32,7.5,99.5,75.52,91,11,1.86,few clouds
577,Camabatela,AO,2021-04-11 15:59:32,-8.1881,15.375,69.31,89,74,3.31,light rain
578,Xucheng,CN,2021-04-11 15:59:33,20.35,110.1288,73.4,94,40,2.24,scattered clouds
579,Tommot,RU,2021-04-11 15:59:33,58.9564,126.2925,13.28,91,100,11.65,light snow
580,Talcahuano,CL,2021-04-11 15:59:34,-36.7167,-73.1167,60.8,55,0,11.5,clear sky
581,Binzhou,CN,2021-04-11 15:59:34,37.3667,118.0167,53.35,87,100,12.35,light rain
582,Olinda,BR,2021-04-11 15:59:34,-8.0089,-34.8553,82.4,74,75,5.75,broken clouds
583,Bulgan,MN,2021-04-11 15:59:35,48.8125,103.5347,14.77,71,79,3.67,broken clouds
584,Ca Mau,VN,2021-04-11 15:59:35,9.1769,105.15,81.77,75,26,8.57,scattered clouds
585,Botevgrad,BG,2021-04-11 15:59:36,42.9,23.7833,62.6,25,0,5.75,clear sky
586,Labuhan,ID,2021-04-11 15:59:36,-6.8844,112.2051,79.25,81,92,3.06,overcast clouds
587,Lengshuijiang,CN,2021-04-11 15:59:36,27.6881,111.4294,57.06,98,100,2.66,overcast clouds
588,Dingle,PH,2021-04-11 15:59:37,10.9995,122.6711,76.33,80,39,5.64,scattered clouds
589,Phan Thiet,VN,2021-04-11 15:59:37,10.9333,108.1,78.64,83,87,11.99,overcast clouds
590,Kyabe,TD,2021-04-11 15:59:38,9.4515,18.9449,102.49,6,73,5.17,broken clouds
591,Anadyr,RU,2021-04-11 15:59:38,64.75,177.4833,-4.0,77,100,15.66,snow
592,Myre,NO,2021-04-11 15:59:38,69.1036,15.9492,35.01,80,75,14.97,light snow
593,Kabinda,CD,2021-04-11 15:59:39,-6.1333,24.4833,72.39,81,50,4.14,scattered clouds
594,Asfi,MA,2021-04-11 15:55:06,32.2994,-9.2372,67.17,68,34,17.0,scattered clouds
595,Bilma,NE,2021-04-11 15:59:39,18.6853,12.9164,100.58,4,20,11.25,few clouds
596,Butembo,CD,2021-04-11 15:59:40,0.15,29.2833,63.46,72,96,4.07,overcast clouds
597,Kizukuri,JP,2021-04-11 15:59:40,40.8061,140.3861,36.0,80,4,1.99,clear sky
598,Lao Cai,VN,2021-04-11 15:59:40,22.4833,103.95,71.29,97,67,0.51,broken clouds
599,Buritis,BR,2021-04-11 15:59:41,-15.6178,-46.4233,86.09,41,70,5.48,broken clouds
600,Emerald,AU,2021-04-11 15:59:41,-23.5333,148.1667,69.8,37,0,17.27,clear sky
601,Livani,LV,2021-04-11 15:59:41,56.3543,26.1758,49.06,89,98,5.19,overcast clouds
602,Mezhdurechensk,RU,2021-04-11 15:59:42,53.6942,88.0603,30.72,95,91,0.63,overcast clouds
603,Karlskrona,SE,2021-04-11 15:59:42,56.1616,15.5866,41.0,87,0,9.22,clear sky
604,Yushan,CN,2021-04-11 15:59:42,31.3776,120.9543,63.0,100,75,8.95,light rain
605,Sindou,BF,2021-04-11 15:59:43,10.6667,-5.1667,104.41,14,70,8.43,broken clouds
606,West Plains,US,2021-04-11 15:59:43,36.7281,-91.8524,63.0,51,1,13.8,clear sky
607,Russkiy Aktash,RU,2021-04-11 15:59:44,55.0384,52.1214,46.4,100,90,6.71,fog
608,Malkara,TR,2021-04-11 15:59:44,40.89,26.9011,47.52,59,2,5.17,clear sky
609,Itapetinga,BR,2021-04-11 15:59:44,-15.2489,-40.2478,88.52,39,37,8.05,scattered clouds
610,Diego De Almagro,CL,2021-04-11 15:59:45,-26.3667,-70.05,77.38,25,0,7.36,clear sky
611,Kuching,MY,2021-04-11 15:59:45,1.55,110.3333,75.2,94,40,2.3,light rain
612,Valley City,US,2021-04-11 15:59:46,46.9233,-98.0032,50.0,62,1,8.05,clear sky
613,Hof,DE,2021-04-11 15:59:46,50.3167,11.9167,63.0,51,0,9.22,clear sky
614,Quesnel,CA,2021-04-11 15:59:47,52.9999,-122.5029,30.2,74,75,2.3,broken clouds
615,Mantua,IT,2021-04-11 15:59:47,45.1667,10.7833,51.01,90,100,5.01,overcast clouds
616,Polohy,UA,2021-04-11 15:59:47,47.4844,36.2536,52.56,55,100,15.39,overcast clouds
617,Port Hedland,AU,2021-04-11 15:59:48,-20.3167,118.5667,82.4,83,80,5.75,broken clouds
618,Pyaozerskiy,RU,2021-04-11 15:59:48,65.8333,31.1667,35.4,75,72,17.2,broken clouds
619,Te Karaka,NZ,2021-04-11 15:59:48,-38.4654,177.8679,63.25,98,37,1.9,scattered clouds
620,Ende,ID,2021-04-11 15:59:49,-8.8432,121.6623,76.57,88,98,1.14,overcast clouds
621,Mackenzie,CA,2021-04-11 15:59:49,55.2999,-123.1698,24.8,74,1,2.3,clear sky
622,Tiznit,MA,2021-04-11 15:59:50,29.5833,-9.5,69.49,46,66,10.31,broken clouds
623,Preganziol,IT,2021-04-11 15:59:50,45.6014,12.2372,53.01,93,90,8.05,overcast clouds
624,Diamantino,BR,2021-04-11 15:59:50,-14.4086,-56.4461,88.2,52,5,4.68,clear sky
625,Singkang,MY,2021-04-11 15:59:51,2.1006,102.7994,78.8,94,20,1.14,few clouds
626,Fort Pierce,US,2021-04-11 15:59:51,27.4467,-80.3256,89.01,58,20,11.5,few clouds
627,Sao Geraldo Do Araguaia,BR,2021-04-11 15:59:51,-6.4006,-48.555,86.43,62,89,3.4,overcast clouds
628,Aswan,EG,2021-04-11 15:59:52,24.0934,32.907,77.86,7,0,10.96,clear sky
629,Jawar,IN,2021-04-11 15:59:52,23.0,76.5,88.39,11,47,6.04,scattered clouds
630,Fortuna,US,2021-04-11 15:59:53,40.5982,-124.1573,48.99,87,1,6.91,clear sky
631,Imbituba,BR,2021-04-11 15:57:44,-28.24,-48.6703,84.2,65,0,16.11,clear sky
632,Chizhou,CN,2021-04-11 15:59:53,30.6578,117.4831,55.26,97,100,2.21,overcast clouds
633,Watertown,US,2021-04-11 15:55:17,42.3709,-71.1828,48.2,76,90,12.66,overcast clouds
634,Omboue,GA,2021-04-11 15:59:54,-1.5746,9.2618,78.03,82,100,8.21,overcast clouds
635,Kamenskiy,RU,2021-04-11 15:59:54,50.8855,45.488,53.44,84,93,8.23,overcast clouds
636,Akyab,MM,2021-04-11 15:59:54,20.15,92.9,80.89,77,8,5.55,clear sky
637,Davila,PH,2021-04-11 15:59:55,18.4726,120.5763,77.0,73,20,1.14,few clouds
638,Kailua,US,2021-04-11 15:59:55,21.4022,-157.7394,69.8,73,90,3.44,overcast clouds
639,Maragogi,BR,2021-04-11 15:59:55,-9.0122,-35.2225,81.45,77,100,7.63,overcast clouds
640,Grafton,US,2021-04-11 15:56:00,42.207,-71.6856,60.01,93,90,8.05,overcast clouds
641,Eureka,US,2021-04-11 15:57:33,40.8021,-124.1637,45.0,100,1,4.61,clear sky
642,Verkhovazhye,RU,2021-04-11 15:59:56,60.7472,42.0465,39.27,74,6,7.74,clear sky
643,Thunder Bay,CA,2021-04-11 15:59:33,48.4001,-89.3168,46.99,100,90,2.3,light rain
644,Belmonte,BR,2021-04-11 15:59:56,-15.8631,-38.8828,84.2,74,75,6.91,broken clouds
645,Palmital,BR,2021-04-11 15:59:57,-22.7889,-50.2175,87.85,27,5,6.29,clear sky
646,La Ronge,CA,2021-04-11 15:59:57,55.1001,-105.2842,28.4,80,99,9.22,overcast clouds
647,Cabedelo,BR,2021-04-11 15:56:52,-6.9811,-34.8339,77.0,94,90,17.27,overcast clouds
648,Tazovskiy,RU,2021-04-11 15:59:58,67.4667,78.7,31.08,91,100,17.18,overcast clouds
649,Marondera,ZW,2021-04-11 15:59:58,-18.1853,31.5519,65.64,50,54,7.09,broken clouds
650,Rodrigues Alves,BR,2021-04-11 15:56:52,-7.738,-72.6509,80.6,83,75,3.44,broken clouds
651,Morondava,MG,2021-04-11 15:59:59,-20.2833,44.2833,80.98,69,85,7.96,overcast clouds
652,Miracema Do Tocantins,BR,2021-04-11 15:59:59,-9.5618,-48.3967,86.56,54,100,4.9,overcast clouds
653,Alice Springs,AU,2021-04-11 15:59:59,-23.7,133.8833,57.99,58,44,4.61,scattered clouds
654,Tocache,PE,2021-04-11 15:57:03,-8.1842,-76.5125,83.86,59,79,0.27,broken clouds
655,Fairview,US,2021-04-11 16:00:00,40.8126,-73.999,59.0,94,90,5.75,mist
656,Garden City,US,2021-04-11 16:00:01,42.3256,-83.331,57.99,67,75,14.97,broken clouds
657,Raga,SS,2021-04-11 16:00:01,8.4596,25.678,93.83,11,100,3.74,overcast clouds
658,Santa Maria,BR,2021-04-11 16:00:01,-29.6842,-53.8069,71.6,88,90,5.75,heavy intensity rain
659,Kijang,KR,2021-04-11 16:00:02,35.2442,129.2139,53.6,58,0,3.44,clear sky
660,Broken Hill,AU,2021-04-11 15:55:19,-31.95,141.4333,51.8,50,0,9.22,clear sky
661,Pompeu,BR,2021-04-11 16:00:05,-19.2244,-44.9353,81.88,32,0,4.09,clear sky
662,Jadu,LY,2021-04-11 16:00:07,31.953,12.0261,82.11,14,49,20.65,scattered clouds
663,Buraydah,SA,2021-04-11 15:59:18,26.326,43.975,80.6,28,0,13.8,clear sky
664,Yinchuan,CN,2021-04-11 16:00:09,38.4681,106.2731,48.0,54,100,11.9,overcast clouds
665,Korsor,DK,2021-04-11 15:56:56,55.3299,11.1386,45.0,81,100,16.87,overcast clouds
666,Haines Junction,CA,2021-04-11 16:00:09,60.7522,-137.5108,-18.4,63,96,1.14,overcast clouds
667,Tenenkou,ML,2021-04-11 16:00:10,14.4572,-4.9169,108.5,4,0,2.57,clear sky
668,Kununurra,AU,2021-04-11 16:00:11,-15.7667,128.7333,77.0,83,100,2.3,overcast clouds
669,Newport,GB,2021-04-11 15:57:08,51.5877,-2.9984,48.99,68,89,1.01,overcast clouds
670,Jacqueville,CI,2021-04-11 16:00:11,5.2052,-4.4146,87.8,74,40,11.5,scattered clouds
671,Ekhabi,RU,2021-04-11 15:55:34,53.5102,142.9671,29.7,86,100,12.24,overcast clouds
672,Oktyabrskoye,RU,2021-04-11 16:00:12,43.0645,44.7417,46.4,81,90,4.47,overcast clouds
673,Namtsy,RU,2021-04-11 16:00:13,62.7161,129.6658,17.6,73,75,11.18,light snow
674,Aden,YE,2021-04-11 16:00:13,12.7794,45.0367,81.41,77,20,18.32,few clouds
675,Sinnar,SD,2021-04-11 16:00:13,13.5691,33.5672,96.87,8,14,14.76,few clouds
676,Keetmanshoop,NA,2021-04-11 16:00:14,-26.5833,18.1333,91.4,15,0,9.22,clear sky
677,Champua,IN,2021-04-11 16:00:15,22.0833,85.6667,85.5,35,96,13.51,overcast clouds
678,Harsum,DE,2021-04-11 16:00:15,52.2104,9.9649,42.01,88,100,8.01,moderate rain
679,Lakatoro,VU,2021-04-11 16:00:16,-16.0999,167.4164,77.56,86,100,2.77,overcast clouds
680,Launceston,AU,2021-04-11 16:00:16,-41.45,147.1667,46.4,57,40,6.91,scattered clouds
681,Cartagena,CO,2021-04-11 16:00:17,10.3997,-75.5144,86.0,74,20,8.05,few clouds
682,Millinocket,US,2021-04-11 16:00:17,45.6573,-68.7098,44.6,57,1,5.48,clear sky
